{
  "users": [
    {
      "name": "Leanne Graham",
      "email": "Sincere@april.biz",
      "phone": "1-770-736-8031",
      "id": "1"
    },
    {
      "id": "2",
      "name": "Ervin Howell",
      "username": "Antonette",
      "email": "Shanna@melissa.tv",
      "phone": "010-692-6593 x09125"
    },
    {
      "id": "3",
      "name": "Clementine Bauch",
      "username": "Samantha",
      "email": "Nathan@yesenia.net",
      "phone": "1-463-123-4447"
    },
    {
      "id": "6",
      "name": "Mrs. Dennis Schulist",
      "username": "Leopoldo_Corkery",
      "email": "Karley_Dach@jasper.info",
      "phone": "1-477-935-8478 x6430"
    },
    {
      "id": "7",
      "name": "Kurtis Weissnat",
      "username": "Elwyn.Skiles",
      "email": "Telly.Hoeger@billy.biz",
      "phone": "210.067.6132"
    },
    {
      "name": "Nicholas Sunil",
      "email": "sunil@gmail.com",
      "phone": "586.493.6943 x140",
      "id": "8"
    }
  ],
  "admin": [],
  "employee": []
}